setting,target,control,predictor,rho,p,ci_lo,ci_hi,n,k_controls,controls,n_boot
gemma_2_2b,collateral_raw,none,crowding,0.5121418516406644,1.8455453091309713e-21,0.411391880421599,0.6000590932093814,300,0,,10000
gemma_2_2b,collateral_raw,none,crowd_max,0.39677286214637764,9.416430492501985e-13,0.2856923566266775,0.5006201432059295,300,0,,10000
gemma_2_2b,collateral_raw,none,dec_norm,-0.006108616106819845,0.9160872835390702,-0.11877145345928379,0.10885223913648678,300,0,,10000
gemma_2_2b,collateral_raw,none,enc_norm,0.37210276545881765,2.762012802083106e-11,0.274841768826541,0.4598933398389766,300,0,,10000
gemma_2_2b,collateral_raw,none,enc_dec_cos,-0.5557253285249141,1.033980762117192e-25,-0.6314016423085852,-0.4719062174932635,300,0,,10000
gemma_2_2b,collateral_raw,none,frequency,0.3794187482893254,1.0443575647715252e-11,0.27425837302209616,0.47769290886070725,300,0,,10000
gemma_2_2b,collateral_raw,none,bin_entropy,0.3794187482893254,1.0443575647715252e-11,0.27345020528954866,0.47648778367897854,300,0,,10000
gemma_2_2b,collateral_raw,none,act_entropy,0.36580116325398604,6.260832350832531e-11,0.2576809727037265,0.4668514912130076,300,0,,10000
gemma_2_2b,collateral_raw,none,act_kurtosis,-0.2983618413648964,1.389396862344819e-07,-0.4031170506591964,-0.19049663167642547,300,0,,10000
gemma_2_2b,collateral_raw,none,act_mag,0.4863251945615527,3.2396633323065985e-19,0.38907573775917104,0.5732135704719274,300,0,,10000
gemma_2_2b,collateral_raw,none,act_mean_firing,0.3754217959613272,1.782037267359559e-11,0.27332274772175,0.47021364762906886,300,0,,10000
gemma_2_2b,collateral_raw,none,act_std,0.4877925905045102,2.443215531619794e-19,0.3896311360685738,0.5728743328079738,300,0,,10000
gemma_2_2b,collateral_raw,none,act_max,0.32354936048936433,9.713625866603713e-09,0.21552687154688213,0.4230418347492487,300,0,,10000
gemma_2_2b,collateral_raw,none,coact_entropy,0.14008888164919683,0.015171169357725093,0.026759340131880496,0.2538122540123448,300,0,,10000
gemma_2_2b,collateral_raw,none,coact_count,-0.16419494770048035,0.004352103277694709,-0.2700137187149935,-0.04955303668965142,300,0,,10000
gemma_2_2b,collateral_raw,none,logit_l2,0.22210480991580858,0.00010468294086421915,0.10875635773961728,0.3285511864473036,300,0,,10000
gemma_2_2b,collateral_raw,none,logit_linf,0.08643902144128597,0.13525022863561567,-0.029074026473236047,0.1987591674911021,300,0,,10000
gemma_2_2b,collateral_raw,none,logit_entropy,0.01514420676382821,0.7939187706011419,-0.09568159927401489,0.12438812626442511,300,0,,10000
gemma_2_2b,collateral_raw,none,logit_top10_mass,-0.08487762148744385,0.14247563737150526,-0.19265594936513294,0.02602162106402975,300,0,,10000
gemma_2_2b,collateral_raw,primary,crowding,0.2419657043563863,2.4957948625825236e-05,0.12281398338699533,0.3571359383888063,300,3,"effect_l2,act_mag,frequency",10000
gemma_2_2b,collateral_raw,primary,crowd_max,0.13648978714798463,0.018606272924767166,0.017844355812671988,0.2553365132561154,300,3,"effect_l2,act_mag,frequency",10000
gemma_2_2b,collateral_raw,primary,dec_norm,0.05918523336278614,0.3093580055184351,-0.0703766509054568,0.18460992063699863,300,3,"effect_l2,act_mag,frequency",10000
gemma_2_2b,collateral_raw,primary,enc_norm,0.0789385315203387,0.17485005022992534,-0.03506813164562501,0.19111298092069845,300,3,"effect_l2,act_mag,frequency",10000
gemma_2_2b,collateral_raw,primary,enc_dec_cos,-0.4540122806097273,1.6496707163097587e-16,-0.5516344835429369,-0.34235470456410455,300,3,"effect_l2,act_mag,frequency",10000
gemma_2_2b,collateral_raw,primary,bin_entropy,1.8331063603869277e-05,0.9997490017571307,-0.0012387994112501028,0.0012168176962824545,300,3,"effect_l2,act_mag,frequency",10000
gemma_2_2b,collateral_raw,primary,act_entropy,0.047620542807583995,0.4135394543894252,-0.05951106422583248,0.1535775874678238,300,3,"effect_l2,act_mag,frequency",10000
gemma_2_2b,collateral_raw,primary,act_kurtosis,-0.08337371863329324,0.1517795153145011,-0.1908057139572705,0.023352885657832882,300,3,"effect_l2,act_mag,frequency",10000
gemma_2_2b,collateral_raw,primary,act_mean_firing,0.05439700542956749,0.3502008990316175,-0.05992234527094204,0.16741138629755167,300,3,"effect_l2,act_mag,frequency",10000
gemma_2_2b,collateral_raw,primary,act_std,-0.05078401734581779,0.38317121726880965,-0.16809857189845495,0.06874449677395497,300,3,"effect_l2,act_mag,frequency",10000
gemma_2_2b,collateral_raw,primary,act_max,-0.08283268782540097,0.15446353035982463,-0.19774530477571,0.03186615799234836,300,3,"effect_l2,act_mag,frequency",10000
gemma_2_2b,collateral_raw,primary,coact_entropy,-0.298675424933509,1.5560885185580844e-07,-0.388858807825907,-0.19570987967097234,300,3,"effect_l2,act_mag,frequency",10000
gemma_2_2b,collateral_raw,primary,coact_count,-0.16335194504765282,0.004768554954013376,-0.2829356225423061,-0.03919391894219747,300,3,"effect_l2,act_mag,frequency",10000
gemma_2_2b,collateral_raw,primary,logit_l2,-0.021219545690502748,0.7157161728952908,-0.13062670488938224,0.0925085977344448,300,3,"effect_l2,act_mag,frequency",10000
gemma_2_2b,collateral_raw,primary,logit_linf,-0.12791298263168535,0.027511787236849196,-0.2293682839522958,-0.01842131232447597,300,3,"effect_l2,act_mag,frequency",10000
gemma_2_2b,collateral_raw,primary,logit_entropy,0.10356686728830723,0.07473167272082454,-0.012167683869876404,0.21577327200178534,300,3,"effect_l2,act_mag,frequency",10000
gemma_2_2b,collateral_raw,primary,logit_top10_mass,-0.15868181869147185,0.006134094310561075,-0.2618801441047959,-0.046641105824382245,300,3,"effect_l2,act_mag,frequency",10000
gemma_2_2b,collateral_raw,robust,crowding,0.4683164875054193,1.1921485372304402e-17,0.35969335978648337,0.5668945517937044,300,2,"frequency,act_mag",10000
gemma_2_2b,collateral_raw,robust,crowd_max,0.2991780295729967,1.409814334910858e-07,0.1775350598692339,0.41790136121866694,300,2,"frequency,act_mag",10000
gemma_2_2b,collateral_raw,robust,dec_norm,0.0403582436134123,0.4876532926526027,-0.07511580385045646,0.155839504105138,300,2,"frequency,act_mag",10000
gemma_2_2b,collateral_raw,robust,enc_norm,0.3584691408857251,1.8266726675113388e-10,0.25668780404442915,0.45326137164977276,300,2,"frequency,act_mag",10000
gemma_2_2b,collateral_raw,robust,enc_dec_cos,-0.5884034874712856,3.7805486061948246e-29,-0.6633737238405686,-0.503270301732006,300,2,"frequency,act_mag",10000
gemma_2_2b,collateral_raw,robust,bin_entropy,-3.0576398738957224e-05,0.9995806222084972,-0.002240268252468066,0.0023023825287207316,300,2,"frequency,act_mag",10000
gemma_2_2b,collateral_raw,robust,act_entropy,0.08851956293371793,0.1273447198206755,-0.04097198000893434,0.22038782144388008,300,2,"frequency,act_mag",10000
gemma_2_2b,collateral_raw,robust,act_kurtosis,-0.11947803736393539,0.039280964325877646,-0.2266341478113599,-0.012133648250746226,300,2,"frequency,act_mag",10000
gemma_2_2b,collateral_raw,robust,act_mean_firing,0.1025322918067199,0.07719420079794491,-0.00986548639482927,0.21070776113546788,300,2,"frequency,act_mag",10000
gemma_2_2b,collateral_raw,robust,act_std,-0.019873171592494892,0.7326097390425889,-0.14360957551415884,0.11412182658268866,300,2,"frequency,act_mag",10000
gemma_2_2b,collateral_raw,robust,act_max,-0.08100161469467312,0.16310006100585792,-0.1983441460113559,0.0360983899268906,300,2,"frequency,act_mag",10000
gemma_2_2b,collateral_raw,robust,coact_entropy,-0.34552779095300745,8.81660323986304e-10,-0.434877877959074,-0.24208448082006337,300,2,"frequency,act_mag",10000
gemma_2_2b,collateral_raw,robust,coact_count,-0.15955070424431858,0.005773038374333706,-0.27595730872924445,-0.04061577157497348,300,2,"frequency,act_mag",10000
gemma_2_2b,collateral_raw,robust,logit_l2,0.1743788245191271,0.002521316507680873,0.06415181467370762,0.28085416649370065,300,2,"frequency,act_mag",10000
gemma_2_2b,collateral_raw,robust,logit_linf,0.056067479715202866,0.3347622460740158,-0.06300309067494386,0.17698339831818513,300,2,"frequency,act_mag",10000
gemma_2_2b,collateral_raw,robust,logit_entropy,0.015179005536246609,0.7941356546302669,-0.0956616479759037,0.1276622094874776,300,2,"frequency,act_mag",10000
gemma_2_2b,collateral_raw,robust,logit_top10_mass,-0.10769059706276658,0.06336556808221168,-0.21802672620060157,0.007123029289532431,300,2,"frequency,act_mag",10000
gemma_2_2b,collateral_ctilde,none,crowding,0.06909143434927055,0.23281878235124578,-0.05205038556725911,0.18883025785527163,300,0,,10000
gemma_2_2b,collateral_ctilde,none,crowd_max,0.11426594898453932,0.04800061007793402,-0.006108272221664269,0.23182507981805292,300,0,,10000
gemma_2_2b,collateral_ctilde,none,dec_norm,0.04209361069327836,0.46761746368304297,-0.08213618039246127,0.16707203150253072,300,0,,10000
gemma_2_2b,collateral_ctilde,none,enc_norm,-0.11879598662207358,0.039753221564709756,-0.2326698648995887,-0.0004609981660395878,300,0,,10000
gemma_2_2b,collateral_ctilde,none,enc_dec_cos,-0.14447028794434338,0.012244877495233694,-0.25856746346408405,-0.025270743409626487,300,0,,10000
gemma_2_2b,collateral_ctilde,none,frequency,0.4709080264214696,5.7939880634624314e-18,0.36253626499391606,0.5673025855617763,300,0,,10000
gemma_2_2b,collateral_ctilde,none,bin_entropy,0.4709080264214696,5.7939880634624314e-18,0.36281609579078966,0.5681038927212003,300,0,,10000
gemma_2_2b,collateral_ctilde,none,act_entropy,0.46854876165290726,8.894611531988855e-18,0.36166161028823557,0.5677388059939482,300,0,,10000
gemma_2_2b,collateral_ctilde,none,act_kurtosis,-0.39998266647407194,5.940351644587806e-13,-0.5007945226350708,-0.2907712898727647,300,0,,10000
gemma_2_2b,collateral_ctilde,none,act_mag,0.42913854598384427,7.158618843481094e-15,0.3226644612047402,0.5285152556908126,300,0,,10000
gemma_2_2b,collateral_ctilde,none,act_mean_firing,0.11979866442960477,0.0380992402345038,0.00038744661063207746,0.23466445043240525,300,0,,10000
gemma_2_2b,collateral_ctilde,none,act_std,0.3386593184368715,1.7432806731332066e-09,0.22592150483277795,0.44687039556592734,300,0,,10000
gemma_2_2b,collateral_ctilde,none,act_max,0.1366299625551395,0.017897352821976957,0.018043432667338013,0.24839311707563927,300,0,,10000
gemma_2_2b,collateral_ctilde,none,coact_entropy,0.2984811273993204,1.3727976321082918e-07,0.18318449862749223,0.40473194360025166,300,0,,10000
gemma_2_2b,collateral_ctilde,none,coact_count,-0.08012985935055887,0.1662596382821984,-0.19935669233145575,0.03574345456348093,300,0,,10000
gemma_2_2b,collateral_ctilde,none,logit_l2,-0.10777630862565139,0.06226816348259841,-0.2279240069676872,0.013064860963954716,300,0,,10000
gemma_2_2b,collateral_ctilde,none,logit_linf,-0.2207308970099668,0.0001157941631003908,-0.3267158295215551,-0.10922469093740322,300,0,,10000
gemma_2_2b,collateral_ctilde,none,logit_entropy,0.14353919828194386,0.012821350888381065,0.02819615744919718,0.25433238127274616,300,0,,10000
gemma_2_2b,collateral_ctilde,none,logit_top10_mass,-0.18743274925276948,0.0011069440406085702,-0.29651314054528916,-0.07294159709457425,300,0,,10000
gemma_2_2b,collateral_ctilde,primary,crowding,0.252221192860185,1.0839630997421537e-05,0.13257861730559864,0.36836516314993556,300,3,"effect_l2,act_mag,frequency",10000
gemma_2_2b,collateral_ctilde,primary,crowd_max,0.15750316440044046,0.006529949056243187,0.04279609310761935,0.27383093556699795,300,3,"effect_l2,act_mag,frequency",10000
gemma_2_2b,collateral_ctilde,primary,dec_norm,0.08624510611673546,0.13812285226446167,-0.04218658143128169,0.20677750836274542,300,3,"effect_l2,act_mag,frequency",10000
gemma_2_2b,collateral_ctilde,primary,enc_norm,0.10185991909681393,0.0796740169259113,-0.013978504362541994,0.21098455945240685,300,3,"effect_l2,act_mag,frequency",10000
gemma_2_2b,collateral_ctilde,primary,enc_dec_cos,-0.42656481786009887,1.461400445080474e-14,-0.5197223473240629,-0.3203434836189441,300,3,"effect_l2,act_mag,frequency",10000
gemma_2_2b,collateral_ctilde,primary,bin_entropy,2.2318684685804264e-05,0.9996944012242822,-0.0013498631271109064,0.0013217732357951493,300,3,"effect_l2,act_mag,frequency",10000
gemma_2_2b,collateral_ctilde,primary,act_entropy,0.035985423589998324,0.5367424533434945,-0.0755770436284679,0.1580294250695774,300,3,"effect_l2,act_mag,frequency",10000
gemma_2_2b,collateral_ctilde,primary,act_kurtosis,-0.063431229494823,0.2758709147007548,-0.1735590219249922,0.03764069647530574,300,3,"effect_l2,act_mag,frequency",10000
gemma_2_2b,collateral_ctilde,primary,act_mean_firing,0.10671283806645208,0.066276647231461,-0.014996972189299082,0.2108397273438954,300,3,"effect_l2,act_mag,frequency",10000
gemma_2_2b,collateral_ctilde,primary,act_std,-0.01986289678926607,0.7331780360356208,-0.1552162103253547,0.10397558523756412,300,3,"effect_l2,act_mag,frequency",10000
gemma_2_2b,collateral_ctilde,primary,act_max,-0.05329130664976683,0.36009536298091455,-0.17226967419322345,0.0564514538398204,300,3,"effect_l2,act_mag,frequency",10000
gemma_2_2b,collateral_ctilde,primary,coact_entropy,-0.310993507150599,4.417758590347188e-08,-0.40097471260662415,-0.2039127832629782,300,3,"effect_l2,act_mag,frequency",10000
gemma_2_2b,collateral_ctilde,primary,coact_count,-0.14973682467595734,0.009759919687696045,-0.26268497158348714,-0.0309903019385262,300,3,"effect_l2,act_mag,frequency",10000
gemma_2_2b,collateral_ctilde,primary,logit_l2,-0.0023276169211915478,0.9681375152397309,-0.11780412337760224,0.10987895559935021,300,3,"effect_l2,act_mag,frequency",10000
gemma_2_2b,collateral_ctilde,primary,logit_linf,-0.1347928905856062,0.020136344356919706,-0.2396745812996482,-0.024571835184438347,300,3,"effect_l2,act_mag,frequency",10000
gemma_2_2b,collateral_ctilde,primary,logit_entropy,0.11152870023390898,0.054865538588729224,-0.006889486298571476,0.22380105060652336,300,3,"effect_l2,act_mag,frequency",10000
gemma_2_2b,collateral_ctilde,primary,logit_top10_mass,-0.17611450939599227,0.0023179386988359703,-0.27903929110615744,-0.06438998092716537,300,3,"effect_l2,act_mag,frequency",10000
gemma_2_2b,collateral_ctilde,robust,crowding,0.052293246261931194,0.36836344278906086,-0.07126115951802825,0.1769076147040509,300,2,"frequency,act_mag",10000
gemma_2_2b,collateral_ctilde,robust,crowd_max,0.04344793302477324,0.45492572443621937,-0.07534880797965686,0.16634396758377804,300,2,"frequency,act_mag",10000
gemma_2_2b,collateral_ctilde,robust,dec_norm,0.08709043723025855,0.13362816654522341,-0.04308164108456036,0.21348491740340278,300,2,"frequency,act_mag",10000
gemma_2_2b,collateral_ctilde,robust,enc_norm,-0.07251516934404667,0.21196194257132062,-0.19257061395539393,0.04422070353302914,300,2,"frequency,act_mag",10000
gemma_2_2b,collateral_ctilde,robust,enc_dec_cos,-0.2361862810574636,3.813661027879113e-05,-0.3525393302433387,-0.11474303544316693,300,2,"frequency,act_mag",10000
gemma_2_2b,collateral_ctilde,robust,bin_entropy,0.0003153106179958641,0.9956753038967391,-0.002340437560972066,0.0024885645403114336,300,2,"frequency,act_mag",10000
gemma_2_2b,collateral_ctilde,robust,act_entropy,0.009310787009373885,0.872836118778675,-0.08691853680866653,0.1181865606809111,300,2,"frequency,act_mag",10000
gemma_2_2b,collateral_ctilde,robust,act_kurtosis,-0.034763885356185936,0.5499892181471757,-0.14686604340640474,0.06547605873220172,300,2,"frequency,act_mag",10000
gemma_2_2b,collateral_ctilde,robust,act_mean_firing,0.07237795723970322,0.21283021877743072,-0.05317174153407418,0.1803134865397613,300,2,"frequency,act_mag",10000
gemma_2_2b,collateral_ctilde,robust,act_std,-0.030323277235385093,0.6021014771590142,-0.15266221366809157,0.08157109001370996,300,2,"frequency,act_mag",10000
gemma_2_2b,collateral_ctilde,robust,act_max,-0.04477982137359513,0.4412066601418571,-0.16126019439900224,0.06379075496279842,300,2,"frequency,act_mag",10000
gemma_2_2b,collateral_ctilde,robust,coact_entropy,-0.24111235882380314,2.588025880944795e-05,-0.33491498054741076,-0.13116306946959225,300,2,"frequency,act_mag",10000
gemma_2_2b,collateral_ctilde,robust,coact_count,-0.1310407168161588,0.023674527260474507,-0.24940774614888525,-0.011216181937796296,300,2,"frequency,act_mag",10000
gemma_2_2b,collateral_ctilde,robust,logit_l2,-0.09930302824009554,0.08703245071193687,-0.21954957972712627,0.02399539226864578,300,2,"frequency,act_mag",10000
gemma_2_2b,collateral_ctilde,robust,logit_linf,-0.20430441812375108,0.00038591934371853777,-0.31025073412974297,-0.09222631096137204,300,2,"frequency,act_mag",10000
gemma_2_2b,collateral_ctilde,robust,logit_entropy,0.14170793376300958,0.014351422471206503,0.02346773548924886,0.25658255453777273,300,2,"frequency,act_mag",10000
gemma_2_2b,collateral_ctilde,robust,logit_top10_mass,-0.18074821561050858,0.0017307180969071336,-0.28777591146245873,-0.07376280537494764,300,2,"frequency,act_mag",10000
gpt2_small,collateral_raw,none,crowding,0.48186513933633535,7.574467467954653e-19,0.38127989252714733,0.5737785738975792,300,0,,10000
gpt2_small,collateral_raw,none,crowd_max,0.32851105117871926,5.5831398646012e-09,0.21229530378091724,0.4377382734109812,300,0,,10000
gpt2_small,collateral_raw,none,dec_norm,-0.05602312607367894,0.3335151305271132,-0.1717647637331641,0.0571090611088285,300,0,,10000
gpt2_small,collateral_raw,none,enc_norm,-0.025264724710498135,0.6629523704547841,-0.14179802336803057,0.09446215933841672,300,0,,10000
gpt2_small,collateral_raw,none,enc_dec_cos,-0.3200854772679349,1.4214391742145173e-08,-0.42268832445621163,-0.20956300597511873,300,0,,10000
gpt2_small,collateral_raw,none,frequency,0.10997119932181172,0.057095420142144714,-0.004900120930011814,0.22474390402786343,300,0,,10000
gpt2_small,collateral_raw,none,bin_entropy,0.10997119932181172,0.057095420142144714,-0.0076481747159591815,0.22481610207759053,300,0,,10000
gpt2_small,collateral_raw,none,act_entropy,0.11761856152925507,0.04177245758006725,0.006100256835933091,0.22583565405469763,300,0,,10000
gpt2_small,collateral_raw,none,act_kurtosis,-0.09682748135030385,0.09412363203845128,-0.20823948223524383,0.01273924759503934,300,0,,10000
gpt2_small,collateral_raw,none,act_mag,0.07774243510253766,0.1792880269638829,-0.03643412554353473,0.19012761384428808,300,0,,10000
gpt2_small,collateral_raw,none,act_mean_firing,-0.08162517899281573,0.15846833067841792,-0.19311507907169945,0.03461897841738277,300,0,,10000
gpt2_small,collateral_raw,none,act_std,0.01384471980107164,0.8112545052333953,-0.09864111740830035,0.12538695287716012,300,0,,10000
gpt2_small,collateral_raw,none,act_max,-0.05652134637117756,0.32922718296958786,-0.1685843793827486,0.0565488264922546,300,0,,10000
gpt2_small,collateral_raw,none,coact_entropy,-0.01541141762767766,0.7903662779062282,-0.12944464935182337,0.10198757745078792,300,0,,10000
gpt2_small,collateral_raw,none,coact_count,-0.20351511634958977,0.0003889553748841047,-0.31279701099509855,-0.08779669217675777,300,0,,10000
gpt2_small,collateral_raw,none,logit_l2,0.08262453220221251,0.1534166768397505,-0.0395682072985239,0.20318365428590993,300,0,,10000
gpt2_small,collateral_raw,none,logit_linf,-0.019807060607857387,0.7325994947348083,-0.13668077249279503,0.10013035651358371,300,0,,10000
gpt2_small,collateral_raw,none,logit_entropy,0.24911281540137134,1.2667727245053856e-05,0.14039508526618172,0.3553761536544653,300,0,,10000
gpt2_small,collateral_raw,none,logit_top10_mass,-0.09455254721541508,0.10214863448423789,-0.2060843833302621,0.02204266217110251,300,0,,10000
gpt2_small,collateral_raw,primary,crowding,0.4754711541076295,3.6976975540110394e-18,0.3730224049497586,0.5683046722633431,300,3,"effect_l2,act_mag,frequency",10000
gpt2_small,collateral_raw,primary,crowd_max,0.3327725207916471,4.1246676774327e-09,0.2176026173031094,0.44374220749613347,300,3,"effect_l2,act_mag,frequency",10000
gpt2_small,collateral_raw,primary,dec_norm,-0.041443737783101495,0.4767606020146326,-0.1575932319179853,0.07443709462393419,300,3,"effect_l2,act_mag,frequency",10000
gpt2_small,collateral_raw,primary,enc_norm,0.036875500810035176,0.5267099006471233,-0.08054554904530366,0.15469986167516953,300,3,"effect_l2,act_mag,frequency",10000
gpt2_small,collateral_raw,primary,enc_dec_cos,-0.4012626029677089,6.45530523944561e-13,-0.49940893882003157,-0.29452916043450683,300,3,"effect_l2,act_mag,frequency",10000
gpt2_small,collateral_raw,primary,bin_entropy,0.00014033969430092793,0.9980783993697938,-0.0026312828398335035,0.002826863016268829,300,3,"effect_l2,act_mag,frequency",10000
gpt2_small,collateral_raw,primary,act_entropy,0.010877946240026517,0.8519098764042132,-0.10060486899413237,0.117992752934454,300,3,"effect_l2,act_mag,frequency",10000
gpt2_small,collateral_raw,primary,act_kurtosis,0.000846099722884975,0.9884151772200925,-0.11227623451085479,0.11514983974074694,300,3,"effect_l2,act_mag,frequency",10000
gpt2_small,collateral_raw,primary,act_mean_firing,-0.18383858962608857,0.0014625186238435355,-0.28148451484744536,-0.06744508717117582,300,3,"effect_l2,act_mag,frequency",10000
gpt2_small,collateral_raw,primary,act_std,-0.12961456147773923,0.025499648834562978,-0.2334399526398031,-0.013507129676947545,300,3,"effect_l2,act_mag,frequency",10000
gpt2_small,collateral_raw,primary,act_max,-0.1366969507052256,0.018426592670393233,-0.24703707630496524,-0.02162106873357727,300,3,"effect_l2,act_mag,frequency",10000
gpt2_small,collateral_raw,primary,coact_entropy,-0.3246393325069403,1.022239366215342e-08,-0.4158612928596107,-0.22044696694506294,300,3,"effect_l2,act_mag,frequency",10000
gpt2_small,collateral_raw,primary,coact_count,-0.1902616555118952,0.0009833970335246277,-0.2954511850588219,-0.07918092715487039,300,3,"effect_l2,act_mag,frequency",10000
gpt2_small,collateral_raw,primary,logit_l2,-0.08742060097196483,0.13281189853558237,-0.20814543798372204,0.04046857328110672,300,3,"effect_l2,act_mag,frequency",10000
gpt2_small,collateral_raw,primary,logit_linf,-0.120968130160814,0.03719718000094316,-0.23308810730582386,-0.003067539046739472,300,3,"effect_l2,act_mag,frequency",10000
gpt2_small,collateral_raw,primary,logit_entropy,0.3071470775843456,6.586720045358797e-08,0.19739100570631102,0.40894249795537085,300,3,"effect_l2,act_mag,frequency",10000
gpt2_small,collateral_raw,primary,logit_top10_mass,-0.1127631639680965,0.05221870462212157,-0.22982632009058201,0.005047608362031386,300,3,"effect_l2,act_mag,frequency",10000
gpt2_small,collateral_raw,robust,crowding,0.5174953480940355,8.18835111889302e-22,0.4184234592092871,0.6049771895614499,300,2,"frequency,act_mag",10000
gpt2_small,collateral_raw,robust,crowd_max,0.36639225424324157,6.724022099822903e-11,0.24964071256262682,0.47426634834026055,300,2,"frequency,act_mag",10000
gpt2_small,collateral_raw,robust,dec_norm,-0.05534566780267719,0.3410315764874302,-0.16974226668775128,0.06200800101321679,300,2,"frequency,act_mag",10000
gpt2_small,collateral_raw,robust,enc_norm,0.03927434244566854,0.4994270521741796,-0.07454907683091333,0.15273809296580695,300,2,"frequency,act_mag",10000
gpt2_small,collateral_raw,robust,enc_dec_cos,-0.4589884619099983,6.209646469442534e-17,-0.5480310840643059,-0.35860473897745065,300,2,"frequency,act_mag",10000
gpt2_small,collateral_raw,robust,bin_entropy,-0.0020201257290492257,0.9722980284883069,-0.004800433073108614,0.004957925724834088,300,2,"frequency,act_mag",10000
gpt2_small,collateral_raw,robust,act_entropy,0.04420884290247342,0.4470589163629324,-0.06609653867814075,0.15264407428958968,300,2,"frequency,act_mag",10000
gpt2_small,collateral_raw,robust,act_kurtosis,-0.02684345487946098,0.6444215976545473,-0.14258199579961464,0.0881341706154563,300,2,"frequency,act_mag",10000
gpt2_small,collateral_raw,robust,act_mean_firing,-0.16345229902847241,0.004672078150418811,-0.26174811719109964,-0.0512743383014488,300,2,"frequency,act_mag",10000
gpt2_small,collateral_raw,robust,act_std,-0.12169662462657647,0.03574724406148306,-0.2209092875618983,-0.015530084320046733,300,2,"frequency,act_mag",10000
gpt2_small,collateral_raw,robust,act_max,-0.13982802477836612,0.015711905093540732,-0.24676897939781436,-0.02431947251561657,300,2,"frequency,act_mag",10000
gpt2_small,collateral_raw,robust,coact_entropy,-0.33999082487203075,1.692039043191289e-09,-0.4330578781810032,-0.2309873024136411,300,2,"frequency,act_mag",10000
gpt2_small,collateral_raw,robust,coact_count,-0.20198223795400452,0.0004509331248624193,-0.31249325079166584,-0.08849647685466039,300,2,"frequency,act_mag",10000
gpt2_small,collateral_raw,robust,logit_l2,0.09030438314937514,0.11982145389680421,-0.03109968161162447,0.20823089102229858,300,2,"frequency,act_mag",10000
gpt2_small,collateral_raw,robust,logit_linf,-0.01120118778716132,0.8473068100266921,-0.1306075911482093,0.10645329059289553,300,2,"frequency,act_mag",10000
gpt2_small,collateral_raw,robust,logit_entropy,0.25545606545928845,7.983180653035037e-06,0.14304367157492595,0.36083644695391315,300,2,"frequency,act_mag",10000
gpt2_small,collateral_raw,robust,logit_top10_mass,-0.09564771692674857,0.09935747810474035,-0.20852198442390854,0.01959647419294577,300,2,"frequency,act_mag",10000
gpt2_small,collateral_ctilde,none,crowding,0.3440424893609929,9.240287836533674e-10,0.2341367490392959,0.4469499277347367,300,0,,10000
gpt2_small,collateral_ctilde,none,crowd_max,0.2474063594943026,1.4583124474327929e-05,0.12822732673860132,0.35858650561821265,300,0,,10000
gpt2_small,collateral_ctilde,none,dec_norm,0.018973329493154202,0.7434521421489498,-0.09277933810883095,0.12945496265285544,300,0,,10000
gpt2_small,collateral_ctilde,none,enc_norm,0.021532239247102746,0.7103132255754947,-0.09843942249976154,0.13949892346604678,300,0,,10000
gpt2_small,collateral_ctilde,none,enc_dec_cos,-0.24591251013900153,1.6482536546017972e-05,-0.35926943404223144,-0.13184557415464268,300,0,,10000
gpt2_small,collateral_ctilde,none,frequency,0.049506106552907186,0.3928749299762144,-0.06721698991784425,0.16722884998034393,300,0,,10000
gpt2_small,collateral_ctilde,none,bin_entropy,0.049506106552907186,0.3928749299762144,-0.06656006497352586,0.16351054314157074,300,0,,10000
gpt2_small,collateral_ctilde,none,act_entropy,0.03818264647384971,0.5100099255524825,-0.07484442852324064,0.15037812047844318,300,0,,10000
gpt2_small,collateral_ctilde,none,act_kurtosis,-0.017209968999655552,0.7665711164119893,-0.12772327289972515,0.0931487034328626,300,0,,10000
gpt2_small,collateral_ctilde,none,act_mag,0.06304514494605495,0.27637511124239383,-0.04866043904801024,0.16890741183650773,300,0,,10000
gpt2_small,collateral_ctilde,none,act_mean_firing,-0.03667196302181135,0.5269045900668593,-0.15052098316204093,0.07931750336884213,300,0,,10000
gpt2_small,collateral_ctilde,none,act_std,0.026598073311925687,0.64634181822377,-0.08834327245896507,0.13672134144067108,300,0,,10000
gpt2_small,collateral_ctilde,none,act_max,-0.01579839775997511,0.7852291790680659,-0.1288975074661419,0.09682702033917771,300,0,,10000
gpt2_small,collateral_ctilde,none,coact_entropy,-0.06742697141079346,0.24429459097309034,-0.17751400614269777,0.04811384756301759,300,0,,10000
gpt2_small,collateral_ctilde,none,coact_count,-0.16976638913236608,0.0031818091375416155,-0.27892598293640797,-0.055205382765698745,300,0,,10000
gpt2_small,collateral_ctilde,none,logit_l2,-0.08542139357103967,0.13992658498524463,-0.20262307833416865,0.031074952950638363,300,0,,10000
gpt2_small,collateral_ctilde,none,logit_linf,-0.13460371781908687,0.01968515187995018,-0.24699645166649972,-0.021139633334905445,300,0,,10000
gpt2_small,collateral_ctilde,none,logit_entropy,0.31086311321120175,3.826866989755755e-08,0.20248625315178254,0.41181079054667863,300,0,,10000
gpt2_small,collateral_ctilde,none,logit_top10_mass,-0.12196668851876132,0.03472116680202912,-0.23645279839482986,-0.005341461225685246,300,0,,10000
gpt2_small,collateral_ctilde,primary,crowding,0.4247557330021986,1.936596577342196e-14,0.31561958793327893,0.5243941612573337,300,3,"effect_l2,act_mag,frequency",10000
gpt2_small,collateral_ctilde,primary,crowd_max,0.29994569531454257,1.3702716986195296e-07,0.1755678291266201,0.4164225523112372,300,3,"effect_l2,act_mag,frequency",10000
gpt2_small,collateral_ctilde,primary,dec_norm,0.008994922728195246,0.8773218508741004,-0.10111652113658465,0.12138981693662707,300,3,"effect_l2,act_mag,frequency",10000
gpt2_small,collateral_ctilde,primary,enc_norm,0.04121425954235399,0.47920659925175807,-0.0776547634547323,0.15776081460176028,300,3,"effect_l2,act_mag,frequency",10000
gpt2_small,collateral_ctilde,primary,enc_dec_cos,-0.39888333677746834,9.069651638641467e-13,-0.4975261236306824,-0.290445518136406,300,3,"effect_l2,act_mag,frequency",10000
gpt2_small,collateral_ctilde,primary,bin_entropy,-0.00012287745741754852,0.9983175005917847,-0.002711540084592259,0.002642745606588928,300,3,"effect_l2,act_mag,frequency",10000
gpt2_small,collateral_ctilde,primary,act_entropy,-0.0006416821974336302,0.9912139376255218,-0.11036419749946576,0.10823452672745114,300,3,"effect_l2,act_mag,frequency",10000
gpt2_small,collateral_ctilde,primary,act_kurtosis,0.008273891176606974,0.8870872736539956,-0.1060935673370809,0.12344927807761807,300,3,"effect_l2,act_mag,frequency",10000
gpt2_small,collateral_ctilde,primary,act_mean_firing,-0.14252671121139238,0.013953177017716962,-0.24207486552261354,-0.029944849813288765,300,3,"effect_l2,act_mag,frequency",10000
gpt2_small,collateral_ctilde,primary,act_std,-0.10164693380969514,0.08030883613072892,-0.20354801157880698,0.007622249894622797,300,3,"effect_l2,act_mag,frequency",10000
gpt2_small,collateral_ctilde,primary,act_max,-0.10992233523857653,0.05847549019707207,-0.2132114490729215,0.0033782088544250977,300,3,"effect_l2,act_mag,frequency",10000
gpt2_small,collateral_ctilde,primary,coact_entropy,-0.3450582761661866,9.948398579935056e-10,-0.43936807537493244,-0.23245200348346406,300,3,"effect_l2,act_mag,frequency",10000
gpt2_small,collateral_ctilde,primary,coact_count,-0.17996057655699538,0.00184715859449858,-0.29217548939173443,-0.061181199029163025,300,3,"effect_l2,act_mag,frequency",10000
gpt2_small,collateral_ctilde,primary,logit_l2,0.01573407666315411,0.7871376058754816,-0.0982825546477676,0.12986864398106382,300,3,"effect_l2,act_mag,frequency",10000
gpt2_small,collateral_ctilde,primary,logit_linf,-0.08115724543321363,0.1630029120395618,-0.19360869745185771,0.036304052223876025,300,3,"effect_l2,act_mag,frequency",10000
gpt2_small,collateral_ctilde,primary,logit_entropy,0.30438739373552787,8.74181639508692e-08,0.19283661915503994,0.40902455650509695,300,3,"effect_l2,act_mag,frequency",10000
gpt2_small,collateral_ctilde,primary,logit_top10_mass,-0.12040440997223546,0.03809676135249181,-0.23570892325703954,-9.262199410608427e-05,300,3,"effect_l2,act_mag,frequency",10000
gpt2_small,collateral_ctilde,robust,crowding,0.35467408250160065,2.919845726145481e-10,0.2450905219342485,0.4573810715487144,300,2,"frequency,act_mag",10000
gpt2_small,collateral_ctilde,robust,crowd_max,0.2577344572755762,6.5794771899946755e-06,0.1374092054644147,0.36656792717354586,300,2,"frequency,act_mag",10000
gpt2_small,collateral_ctilde,robust,dec_norm,0.01830484870642292,0.7529977806746287,-0.09441916073297842,0.12911567511349734,300,2,"frequency,act_mag",10000
gpt2_small,collateral_ctilde,robust,enc_norm,0.03805045821542951,0.5128997574578043,-0.08337429610274477,0.15787831096305147,300,2,"frequency,act_mag",10000
gpt2_small,collateral_ctilde,robust,enc_dec_cos,-0.31486465748157777,2.7844375414645492e-08,-0.42067940370810225,-0.20326152545492937,300,2,"frequency,act_mag",10000
gpt2_small,collateral_ctilde,robust,bin_entropy,-0.0016863859388772098,0.9768731985807265,-0.004703677806486335,0.004788939248162114,300,2,"frequency,act_mag",10000
gpt2_small,collateral_ctilde,robust,act_entropy,-0.020783428216382266,0.7208609833536753,-0.12693088245635809,0.08783097453049413,300,2,"frequency,act_mag",10000
gpt2_small,collateral_ctilde,robust,act_kurtosis,0.024533481318554297,0.6731731030381887,-0.0846485223004474,0.13365800169519923,300,2,"frequency,act_mag",10000
gpt2_small,collateral_ctilde,robust,act_mean_firing,-0.14687952538861454,0.011127772761258847,-0.24837345251241233,-0.03314289298287407,300,2,"frequency,act_mag",10000
gpt2_small,collateral_ctilde,robust,act_std,-0.10097885558375844,0.08180809819941579,-0.2071992428383641,0.01714414577748377,300,2,"frequency,act_mag",10000
gpt2_small,collateral_ctilde,robust,act_max,-0.10225752026785635,0.0779945880131932,-0.20908134864453085,0.012800721896908136,300,2,"frequency,act_mag",10000
gpt2_small,collateral_ctilde,robust,coact_entropy,-0.31798430426555585,1.9938412308472017e-08,-0.4159659714092048,-0.20723271996805584,300,2,"frequency,act_mag",10000
gpt2_small,collateral_ctilde,robust,coact_count,-0.16390965454656486,0.004556267127224629,-0.28085344716713917,-0.04830774790914178,300,2,"frequency,act_mag",10000
gpt2_small,collateral_ctilde,robust,logit_l2,-0.08256111145638984,0.15512380379497429,-0.19916067306693447,0.03510249651769576,300,2,"frequency,act_mag",10000
gpt2_small,collateral_ctilde,robust,logit_linf,-0.1337868615786274,0.020876644019969116,-0.24485821129284566,-0.018356073875139347,300,2,"frequency,act_mag",10000
gpt2_small,collateral_ctilde,robust,logit_entropy,0.31819548445193246,1.9489989427341305e-08,0.2093785205999599,0.4218519136238332,300,2,"frequency,act_mag",10000
gpt2_small,collateral_ctilde,robust,logit_top10_mass,-0.12523983750904494,0.030664031394113733,-0.2410963395960517,-0.0024100853026170106,300,2,"frequency,act_mag",10000
pythia_70m_deduped,collateral_raw,none,crowding,-0.022496866886272702,0.6979571324071522,-0.13578456707720346,0.09459622492217501,300,0,,10000
pythia_70m_deduped,collateral_raw,none,crowd_max,-0.02938200596801523,0.6122276597333194,-0.1443538906076172,0.08662632480240329,300,0,,10000
pythia_70m_deduped,collateral_raw,none,dec_norm,0.0736096608792984,0.20360075548507214,-0.03615061802051092,0.18144421694676577,300,0,,10000
pythia_70m_deduped,collateral_raw,none,enc_norm,-0.0641169817540973,0.26827576940968684,-0.18380828665529922,0.05451928815109602,300,0,,10000
pythia_70m_deduped,collateral_raw,none,enc_dec_cos,0.009157060838411531,0.8744992451933847,-0.10540060854566419,0.12360977683625153,300,0,,10000
pythia_70m_deduped,collateral_raw,none,frequency,0.17485284578036958,0.002370931836690006,0.05021854323668838,0.29682513027643775,300,0,,10000
pythia_70m_deduped,collateral_raw,none,bin_entropy,0.17485284578036958,0.002370931836690006,0.05328783198053555,0.2931493244160216,300,0,,10000
pythia_70m_deduped,collateral_raw,none,act_entropy,0.18578593309687053,0.0012264256803509596,0.06699810351536965,0.30371267254114814,300,0,,10000
pythia_70m_deduped,collateral_raw,none,act_kurtosis,-0.21484381207345196,0.00017715462680501266,-0.3325355889502518,-0.09070713092411058,300,0,,10000
pythia_70m_deduped,collateral_raw,none,act_mag,0.11451703926776961,0.04750869428550361,-0.004988759010573047,0.2321828995243638,300,0,,10000
pythia_70m_deduped,collateral_raw,none,act_mean_firing,-0.08856410748417672,0.12587309535316793,-0.1975253457029084,0.020891104192512572,300,0,,10000
pythia_70m_deduped,collateral_raw,none,act_std,0.02818408479086494,0.6268102347957699,-0.08646292690417236,0.13871270718029202,300,0,,10000
pythia_70m_deduped,collateral_raw,none,act_max,-0.05820309292645551,0.3150169467496456,-0.16940631022616925,0.05195114995123366,300,0,,10000
pythia_70m_deduped,collateral_raw,none,coact_entropy,0.10894982361655656,0.05945648803236517,-0.014603569831541624,0.22872442174058813,300,0,,10000
pythia_70m_deduped,collateral_raw,none,coact_count,0.14180251765477936,0.013960711647339275,0.03844479267321409,0.243697925910919,300,0,,10000
pythia_70m_deduped,collateral_raw,none,logit_l2,0.4322798950462892,4.332899674387829e-15,0.32844733931523795,0.5276947864750746,300,0,,10000
pythia_70m_deduped,collateral_raw,none,logit_linf,0.07675899692119809,0.18486900268627907,-0.039637561780562616,0.1874148249765197,300,0,,10000
pythia_70m_deduped,collateral_raw,none,logit_entropy,0.003450731847255612,0.9525386592379258,-0.10957472041228036,0.11310882461030543,300,0,,10000
pythia_70m_deduped,collateral_raw,none,logit_top10_mass,-0.07116155848024508,0.2190840173103364,-0.18243399777294822,0.04097174058684075,300,0,,10000
pythia_70m_deduped,collateral_raw,primary,crowding,-0.004419499000444859,0.9395436414867093,-0.123767872713081,0.11449046835133114,300,3,"effect_l2,act_mag,frequency",10000
pythia_70m_deduped,collateral_raw,primary,crowd_max,0.01502106961360325,0.7965679463514201,-0.10169619485354867,0.13423310138427338,300,3,"effect_l2,act_mag,frequency",10000
pythia_70m_deduped,collateral_raw,primary,dec_norm,0.07319174843605511,0.20848861815780628,-0.0341722457700624,0.18034400350083404,300,3,"effect_l2,act_mag,frequency",10000
pythia_70m_deduped,collateral_raw,primary,enc_norm,0.10667301293631533,0.06637856000951332,-0.010190123842698535,0.22043692257218842,300,3,"effect_l2,act_mag,frequency",10000
pythia_70m_deduped,collateral_raw,primary,enc_dec_cos,-0.080358423133559,0.167196942636404,-0.1931369503633869,0.03456651435423745,300,3,"effect_l2,act_mag,frequency",10000
pythia_70m_deduped,collateral_raw,primary,bin_entropy,0.00022161159291131112,0.9969655886241732,-0.0027982939604969696,0.0028222805512407435,300,3,"effect_l2,act_mag,frequency",10000
pythia_70m_deduped,collateral_raw,primary,act_entropy,0.05433048785144439,0.35079124305636317,-0.0491879461813447,0.1570438657982653,300,3,"effect_l2,act_mag,frequency",10000
pythia_70m_deduped,collateral_raw,primary,act_kurtosis,-0.08351439745461245,0.1510874403853684,-0.19410668014395757,0.0285666412452268,300,3,"effect_l2,act_mag,frequency",10000
pythia_70m_deduped,collateral_raw,primary,act_mean_firing,-0.2069717809708017,0.0003296598804638024,-0.31447482683312133,-0.0835818087516903,300,3,"effect_l2,act_mag,frequency",10000
pythia_70m_deduped,collateral_raw,primary,act_std,-0.15039207919571637,0.009440946812603107,-0.2623107703013371,-0.019970053892206616,300,3,"effect_l2,act_mag,frequency",10000
pythia_70m_deduped,collateral_raw,primary,act_max,-0.15007160716357268,0.009595775633603669,-0.2633082900395143,-0.03129314180175312,300,3,"effect_l2,act_mag,frequency",10000
pythia_70m_deduped,collateral_raw,primary,coact_entropy,-0.20153363928017923,0.00047505020067181697,-0.2974223300904482,-0.08206600291784874,300,3,"effect_l2,act_mag,frequency",10000
pythia_70m_deduped,collateral_raw,primary,coact_count,0.18782316846928307,0.0011450420215170659,0.07745675165291889,0.2927042305585665,300,3,"effect_l2,act_mag,frequency",10000
pythia_70m_deduped,collateral_raw,primary,logit_l2,0.34260824914617666,1.3276572386029683e-09,0.2265188124249876,0.4496180862062408,300,3,"effect_l2,act_mag,frequency",10000
pythia_70m_deduped,collateral_raw,primary,logit_linf,0.15246013587961563,0.008494052715673682,0.02685488326869121,0.27012112740716,300,3,"effect_l2,act_mag,frequency",10000
pythia_70m_deduped,collateral_raw,primary,logit_entropy,-0.05725264619126652,0.3254498226945168,-0.17346159410813192,0.0591039587147797,300,3,"effect_l2,act_mag,frequency",10000
pythia_70m_deduped,collateral_raw,primary,logit_top10_mass,0.055730629513172994,0.3384974896793112,-0.06866664692241384,0.1785707234876367,300,3,"effect_l2,act_mag,frequency",10000
pythia_70m_deduped,collateral_raw,robust,crowding,-0.02573698573850902,0.65813080726976,-0.14804927620467415,0.09723086206579425,300,2,"frequency,act_mag",10000
pythia_70m_deduped,collateral_raw,robust,crowd_max,-0.011567455810633067,0.8423779908207377,-0.13481970333010215,0.1135829134180441,300,2,"frequency,act_mag",10000
pythia_70m_deduped,collateral_raw,robust,dec_norm,0.04541253070851897,0.434772994369244,-0.07399628713518998,0.16355311607422654,300,2,"frequency,act_mag",10000
pythia_70m_deduped,collateral_raw,robust,enc_norm,0.07329574372935284,0.2070709089337889,-0.053323469868804,0.1954705429096545,300,2,"frequency,act_mag",10000
pythia_70m_deduped,collateral_raw,robust,enc_dec_cos,-0.06971211943495592,0.23020913939059218,-0.190562613853396,0.052014598858876646,300,2,"frequency,act_mag",10000
pythia_70m_deduped,collateral_raw,robust,bin_entropy,-8.662776792619514e-05,0.9988118368480473,-0.005495694376860645,0.005458254719907746,300,2,"frequency,act_mag",10000
pythia_70m_deduped,collateral_raw,robust,act_entropy,0.06851825024884312,0.23830912381847494,-0.0322696479733031,0.16843831228314507,300,2,"frequency,act_mag",10000
pythia_70m_deduped,collateral_raw,robust,act_kurtosis,-0.124814169685272,0.031240081442836146,-0.22921712158210822,-0.013725412667483708,300,2,"frequency,act_mag",10000
pythia_70m_deduped,collateral_raw,robust,act_mean_firing,-0.10989233552099495,0.05811816944110414,-0.22984787793861525,0.01940871106043261,300,2,"frequency,act_mag",10000
pythia_70m_deduped,collateral_raw,robust,act_std,-0.1152245137726004,0.046883865494118916,-0.23071804696527945,0.012292602244420045,300,2,"frequency,act_mag",10000
pythia_70m_deduped,collateral_raw,robust,act_max,-0.1453138298758136,0.012028517263158173,-0.26182605379932333,-0.02446022543092938,300,2,"frequency,act_mag",10000
pythia_70m_deduped,collateral_raw,robust,coact_entropy,-0.2077839889048987,0.00030463597338648674,-0.30890675107742704,-0.083510904595021,300,2,"frequency,act_mag",10000
pythia_70m_deduped,collateral_raw,robust,coact_count,0.11313952063288019,0.05103899313778363,0.0014344337479787297,0.22265421208691816,300,2,"frequency,act_mag",10000
pythia_70m_deduped,collateral_raw,robust,logit_l2,0.4104196255951792,1.5477483683039893e-13,0.3012011713223713,0.5101656048370937,300,2,"frequency,act_mag",10000
pythia_70m_deduped,collateral_raw,robust,logit_linf,0.05363789744599309,0.35616012080178655,-0.061492374944320825,0.17237590871537042,300,2,"frequency,act_mag",10000
pythia_70m_deduped,collateral_raw,robust,logit_entropy,0.03904040058417503,0.5019877830681874,-0.0750538600572207,0.15091568564704944,300,2,"frequency,act_mag",10000
pythia_70m_deduped,collateral_raw,robust,logit_top10_mass,-0.0962473658277327,0.09724555054393207,-0.20834455831117502,0.021077843009052744,300,2,"frequency,act_mag",10000
pythia_70m_deduped,collateral_ctilde,none,crowding,0.030743452705030056,0.5958383466100199,-0.08279925276426833,0.14234322393847432,300,0,,10000
pythia_70m_deduped,collateral_ctilde,none,crowd_max,0.002908922179887331,0.9599839064434544,-0.1074902302875003,0.11315951299967578,300,0,,10000
pythia_70m_deduped,collateral_ctilde,none,dec_norm,0.1061697629404296,0.06629393835205942,-0.004110170191958559,0.21426123864971536,300,0,,10000
pythia_70m_deduped,collateral_ctilde,none,enc_norm,-0.1545239391548795,0.00733184168902082,-0.26093965204959646,-0.04295978445488467,300,0,,10000
pythia_70m_deduped,collateral_ctilde,none,enc_dec_cos,0.06266514072378582,0.27928603930732393,-0.04949151023715244,0.1735845287768074,300,0,,10000
pythia_70m_deduped,collateral_ctilde,none,frequency,0.3743145673883833,2.0636908105549646e-11,0.27048176260687684,0.47018374791597617,300,0,,10000
pythia_70m_deduped,collateral_ctilde,none,bin_entropy,0.3743145673883833,2.0636908105549646e-11,0.271677783795632,0.47224245860244707,300,0,,10000
pythia_70m_deduped,collateral_ctilde,none,act_entropy,0.3708361204013378,3.2604984474606034e-11,0.26439842972711136,0.46830458121022295,300,0,,10000
pythia_70m_deduped,collateral_ctilde,none,act_kurtosis,-0.3191675463060701,1.571070431244601e-08,-0.4205300302470246,-0.20724874343767838,300,0,,10000
pythia_70m_deduped,collateral_ctilde,none,act_mag,0.28346848298314425,5.972904706760927e-07,0.17174989554027603,0.3907800283574834,300,0,,10000
pythia_70m_deduped,collateral_ctilde,none,act_mean_firing,-0.11358348426093623,0.04935919816245906,-0.22276810081577733,-0.0038204589817914924,300,0,,10000
pythia_70m_deduped,collateral_ctilde,none,act_std,0.1436220402448916,0.01276910899733465,0.033738143497216246,0.25123031952707287,300,0,,10000
pythia_70m_deduped,collateral_ctilde,none,act_max,0.030814120156890633,0.594993098944781,-0.08208763752245948,0.13976330467160658,300,0,,10000
pythia_70m_deduped,collateral_ctilde,none,coact_entropy,0.31473727485860953,2.534769272893132e-08,0.20630657706073705,0.4163637019430717,300,0,,10000
pythia_70m_deduped,collateral_ctilde,none,coact_count,0.24156163842664638,2.3441709164808177e-05,0.13672143855984517,0.3419120579462678,300,0,,10000
pythia_70m_deduped,collateral_ctilde,none,logit_l2,0.2972428582539806,1.5548076786450114e-07,0.18730416650108853,0.40031615198104814,300,0,,10000
pythia_70m_deduped,collateral_ctilde,none,logit_linf,0.20744274936388182,0.00029752888121944944,0.09305585115015315,0.3204166357360011,300,0,,10000
pythia_70m_deduped,collateral_ctilde,none,logit_entropy,-0.15678709283293166,0.006505634582517774,-0.2666616183261446,-0.04108030000755328,300,0,,10000
pythia_70m_deduped,collateral_ctilde,none,logit_top10_mass,0.1487696529961444,0.009869061358870593,0.030376126081441215,0.25943742009114845,300,0,,10000
pythia_70m_deduped,collateral_ctilde,primary,crowding,0.001482837463364527,0.9796984151130337,-0.11910470792351813,0.12157992567530093,300,3,"effect_l2,act_mag,frequency",10000
pythia_70m_deduped,collateral_ctilde,primary,crowd_max,0.013615217825671093,0.8152475575212489,-0.10287218952365211,0.13285739847087658,300,3,"effect_l2,act_mag,frequency",10000
pythia_70m_deduped,collateral_ctilde,primary,dec_norm,0.04719009939556191,0.4177783974105411,-0.06959070152094145,0.15943510478795814,300,3,"effect_l2,act_mag,frequency",10000
pythia_70m_deduped,collateral_ctilde,primary,enc_norm,0.08798976266676668,0.13029758587800835,-0.027602523247749707,0.19996610556091812,300,3,"effect_l2,act_mag,frequency",10000
pythia_70m_deduped,collateral_ctilde,primary,enc_dec_cos,-0.07192914091625144,0.2164665215915606,-0.1863816627535951,0.045496938580944446,300,3,"effect_l2,act_mag,frequency",10000
pythia_70m_deduped,collateral_ctilde,primary,bin_entropy,0.00025809739598540174,0.9964660106685882,-0.002709116489215772,0.0026461022700908143,300,3,"effect_l2,act_mag,frequency",10000
pythia_70m_deduped,collateral_ctilde,primary,act_entropy,0.03390401846948288,0.5605702441732581,-0.07009906809518057,0.14146473343463742,300,3,"effect_l2,act_mag,frequency",10000
pythia_70m_deduped,collateral_ctilde,primary,act_kurtosis,-0.04987127964641212,0.3917905094585108,-0.16172311410985007,0.06242053411536702,300,3,"effect_l2,act_mag,frequency",10000
pythia_70m_deduped,collateral_ctilde,primary,act_mean_firing,-0.17052421123938866,0.003198473777461059,-0.2734178035857157,-0.057988946101554716,300,3,"effect_l2,act_mag,frequency",10000
pythia_70m_deduped,collateral_ctilde,primary,act_std,-0.11077267229474942,0.05654082922048075,-0.21024169637940335,0.0032619146692629665,300,3,"effect_l2,act_mag,frequency",10000
pythia_70m_deduped,collateral_ctilde,primary,act_max,-0.1024987073285144,0.07779436501107365,-0.2081766561835666,0.0067415689326019304,300,3,"effect_l2,act_mag,frequency",10000
pythia_70m_deduped,collateral_ctilde,primary,coact_entropy,-0.15962646501696065,0.005832502405101116,-0.2828183278887559,-0.0224990601870677,300,3,"effect_l2,act_mag,frequency",10000
pythia_70m_deduped,collateral_ctilde,primary,coact_count,0.19765247976784303,0.0006130494634569013,0.08684170557169323,0.30190494967259845,300,3,"effect_l2,act_mag,frequency",10000
pythia_70m_deduped,collateral_ctilde,primary,logit_l2,0.3114616403370497,4.206493941355723e-08,0.19521210640946748,0.4238263991346315,300,3,"effect_l2,act_mag,frequency",10000
pythia_70m_deduped,collateral_ctilde,primary,logit_linf,0.14064347153360715,0.015280862713941941,0.020212170170303183,0.2583612197517938,300,3,"effect_l2,act_mag,frequency",10000
pythia_70m_deduped,collateral_ctilde,primary,logit_entropy,-0.05244523630964489,0.3677832480630286,-0.17107281301587215,0.0666895621263668,300,3,"effect_l2,act_mag,frequency",10000
pythia_70m_deduped,collateral_ctilde,primary,logit_top10_mass,0.04802364825636558,0.4095927976177977,-0.07307283895918419,0.16902801784269125,300,3,"effect_l2,act_mag,frequency",10000
pythia_70m_deduped,collateral_ctilde,robust,crowding,0.010951396240844116,0.850671644699414,-0.10352028490853078,0.12899739641058985,300,2,"frequency,act_mag",10000
pythia_70m_deduped,collateral_ctilde,robust,crowd_max,0.02348362496420949,0.6864023373991025,-0.09343025480163543,0.1377339046735668,300,2,"frequency,act_mag",10000
pythia_70m_deduped,collateral_ctilde,robust,dec_norm,0.05210270792255979,0.3701133710264522,-0.054258748412705476,0.16035641963280925,300,2,"frequency,act_mag",10000
pythia_70m_deduped,collateral_ctilde,robust,enc_norm,0.09150082774370853,0.11497535416570141,-0.024019311134407088,0.2039193729255156,300,2,"frequency,act_mag",10000
pythia_70m_deduped,collateral_ctilde,robust,enc_dec_cos,-0.06818992677364134,0.24057135916840633,-0.18139163922756024,0.04676387398008764,300,2,"frequency,act_mag",10000
pythia_70m_deduped,collateral_ctilde,robust,bin_entropy,-0.00028173273681276605,0.9961358432086138,-0.0049841230546998835,0.004866718922860719,300,2,"frequency,act_mag",10000
pythia_70m_deduped,collateral_ctilde,robust,act_entropy,0.022573474753099336,0.6979491879913966,-0.08408020875340343,0.13092819738795272,300,2,"frequency,act_mag",10000
pythia_70m_deduped,collateral_ctilde,robust,act_kurtosis,-0.023818177188476307,0.6821760214912609,-0.13776708244829927,0.08893464478544298,300,2,"frequency,act_mag",10000
pythia_70m_deduped,collateral_ctilde,robust,act_mean_firing,-0.1900232050754667,0.0009785926485799867,-0.2929818049917945,-0.07529290185891276,300,2,"frequency,act_mag",10000
pythia_70m_deduped,collateral_ctilde,robust,act_std,-0.11104674860925838,0.05551370879011667,-0.21056810714995206,0.006914958825320146,300,2,"frequency,act_mag",10000
pythia_70m_deduped,collateral_ctilde,robust,act_max,-0.08986296840356212,0.12164903814959842,-0.1959836173518387,0.022656330822287428,300,2,"frequency,act_mag",10000
pythia_70m_deduped,collateral_ctilde,robust,coact_entropy,-0.13607006778952402,0.01877333060909798,-0.26223916630365784,0.003724200930961955,300,2,"frequency,act_mag",10000
pythia_70m_deduped,collateral_ctilde,robust,coact_count,0.20878455201614896,0.00028440224736147907,0.09775443062194294,0.31572322180965773,300,2,"frequency,act_mag",10000
pythia_70m_deduped,collateral_ctilde,robust,logit_l2,0.23420574138715958,4.446661231356884e-05,0.11763331240884675,0.3482607614724096,300,2,"frequency,act_mag",10000
pythia_70m_deduped,collateral_ctilde,robust,logit_linf,0.1657873693124569,0.004107429908923363,0.04511795911899768,0.2850196002091753,300,2,"frequency,act_mag",10000
pythia_70m_deduped,collateral_ctilde,robust,logit_entropy,-0.08711996579930249,0.13349596682194986,-0.20689879673499928,0.03482386624481296,300,2,"frequency,act_mag",10000
pythia_70m_deduped,collateral_ctilde,robust,logit_top10_mass,0.1056680659815359,0.06852326656344328,-0.018303803619145513,0.2298861084445661,300,2,"frequency,act_mag",10000
